{
  "response_times": [
    1.1115145683288574,
    1.1532301902770996,
    1.3831849098205566,
    0.7962484359741211,
    0.7823402881622314,
    1.178288459777832,
    1.2019319534301758,
    0.9298677444458008,
    0.874321699142456,
    1.313159465789795
  ],
  "confidence_scores": [
    0.5,
    1.0,
    1.0,
    1.0,
    1.0,
    0.5,
    0.5,
    0.5,
    0.5,
    1.0
  ],
  "query_processing_times": [],
  "embedding_generation_times": [],
  "vector_search_times": []
}